"tieid","readerid","relatedreaderid","relationtype"
9667,18,10119,"Child"
5678,29,29841,"Child"
7419,42,19566,"Child"
9748,50,26472,"Child"
4324,100,2966,"Child"
4815,106,33193,"Child"
4896,116,26802,"Child"
8271,122,19667,"Child"
2990,129,16881,"Child"
3879,131,24636,"Child"
8648,136,17526,"Child"
8760,181,21173,"Child"
2590,195,9163,"Child"
1317,198,10219,"Child"
6136,221,11357,"Child"
8605,259,28233,"Child"
993,276,20159,"Child"
3624,295,18233,"Child"
7185,341,17658,"Child"
2679,353,27127,"Child"
8751,392,25422,"Child"
3483,417,15349,"Child"
8543,436,5498,"Child"
8175,441,23589,"Child"
7412,443,20720,"Child"
9621,468,30818,"Child"
3712,473,28161,"Child"
4028,495,12845,"Child"
8976,510,9088,"Child"
2982,511,15875,"Child"
3087,520,29989,"Child"
5705,532,3751,"Child"
7183,541,862,"Child"
1688,594,13572,"Child"
7087,594,30339,"Child"
1171,597,32624,"Child"
2186,619,2705,"Child"
5664,627,7979,"Child"
5752,627,17436,"Child"
3043,643,28074,"Child"
111,653,16094,"Child"
5973,668,3971,"Child"
2720,700,25788,"Child"
43,703,12691,"Child"
6967,714,671,"Child"
256,716,25044,"Child"
9616,738,29724,"Child"
6021,743,26706,"Child"
3351,760,26813,"Child"
4004,770,25140,"Child"
1522,771,26877,"Child"
3613,771,28414,"Child"
80,797,24382,"Child"
8535,810,26264,"Child"
2854,818,15785,"Child"
932,824,9413,"Child"
4489,825,4434,"Child"
7730,840,32364,"Child"
9243,842,17917,"Child"
2116,865,28785,"Child"
9057,905,19483,"Child"
348,920,31896,"Child"
9137,942,3081,"Child"
3789,965,30908,"Child"
8321,992,31766,"Child"
5163,994,22489,"Child"
4803,1013,14744,"Child"
999,1022,15115,"Child"
9985,1030,708,"Child"
3759,1035,13396,"Child"
2080,1056,4688,"Child"
6644,1102,19815,"Child"
4113,1121,15425,"Child"
9840,1137,535,"Child"
9653,1143,23791,"Child"
3678,1150,29686,"Child"
7288,1160,7361,"Child"
5538,1167,19648,"Child"
8326,1193,6081,"Child"
6615,1211,20657,"Child"
1013,1213,24065,"Child"
399,1213,27469,"Child"
4729,1242,14901,"Child"
8831,1243,201,"Child"
697,1259,4614,"Child"
8970,1268,19486,"Child"
5827,1286,4797,"Child"
8728,1289,28043,"Child"
5552,1318,11945,"Child"
2487,1330,33253,"Child"
1892,1331,12694,"Child"
7687,1343,20584,"Child"
1430,1390,7329,"Child"
1264,1390,26729,"Child"
4710,1398,31717,"Child"
7534,1410,11937,"Child"
627,1410,15084,"Child"
6280,1425,5439,"Child"
279,1433,4210,"Child"
6788,1441,9534,"Child"
128,1446,1379,"Child"
9902,1469,24141,"Child"
4787,1489,10100,"Child"
2892,1497,4966,"Child"
4887,1562,13612,"Child"
1708,1564,8822,"Child"
2477,1579,20009,"Child"
8788,1583,21638,"Child"
8208,1586,12723,"Child"
4562,1593,21685,"Child"
4148,1606,22194,"Child"
1908,1611,23808,"Child"
2378,1617,22047,"Child"
6065,1650,24929,"Child"
9991,1652,8948,"Child"
7737,1658,15192,"Child"
7855,1676,5027,"Child"
7579,1678,7191,"Child"
6643,1696,25605,"Child"
3155,1704,8711,"Child"
2774,1706,31972,"Child"
978,1711,20561,"Child"
2336,1721,4815,"Child"
9242,1725,9847,"Child"
2820,1739,3167,"Child"
7497,1744,10521,"Child"
405,1748,27217,"Child"
2241,1753,3651,"Child"
1616,1753,6829,"Child"
8225,1780,26759,"Child"
2384,1784,27730,"Child"
2188,1813,7393,"Child"
2800,1815,25366,"Child"
1156,1817,12314,"Child"
8602,1844,10431,"Child"
3551,1846,21629,"Child"
8018,1853,13335,"Child"
4147,1859,29159,"Child"
964,1876,14449,"Child"
9100,1887,16666,"Child"
458,1903,21917,"Child"
692,1905,1714,"Child"
3312,1922,30146,"Child"
5993,1937,30611,"Child"
9535,1956,24554,"Child"
6035,1968,3444,"Child"
7243,1984,9731,"Child"
7221,1984,25580,"Child"
7398,2041,29496,"Child"
8729,2084,13712,"Child"
5040,2087,11300,"Child"
6457,2098,5214,"Child"
7227,2102,32644,"Child"
2149,2114,7863,"Child"
8052,2123,29660,"Child"
8871,2128,16132,"Child"
8431,2129,27193,"Child"
9399,2138,16609,"Child"
5357,2167,16422,"Child"
1117,2209,1665,"Child"
4272,2210,9492,"Child"
5920,2226,32524,"Child"
9881,2246,17640,"Child"
3981,2262,31235,"Child"
6024,2270,14954,"Child"
1255,2291,30944,"Child"
8117,2303,13806,"Child"
9918,2340,13026,"Child"
4566,2364,32339,"Child"
2790,2426,28675,"Child"
4920,2430,5286,"Child"
6424,2437,23241,"Child"
9308,2441,21854,"Child"
7126,2453,28380,"Child"
3360,2466,20381,"Child"
8941,2480,6156,"Child"
6628,2480,10927,"Child"
675,2498,3927,"Child"
5541,2516,18698,"Child"
6577,2528,14782,"Child"
8985,2548,23257,"Child"
968,2554,23789,"Child"
4977,2555,21611,"Child"
2859,2562,2412,"Child"
4488,2562,17185,"Child"
3382,2565,32658,"Child"
5094,2579,26609,"Child"
6870,2580,15901,"Child"
2390,2586,4780,"Child"
5915,2591,10821,"Child"
6181,2591,11971,"Child"
2234,2611,12438,"Child"
383,2620,24551,"Child"
6300,2625,30247,"Child"
5901,2651,11680,"Child"
1894,2678,21861,"Child"
9959,2696,20271,"Child"
7110,2710,7678,"Child"
9512,2767,6562,"Child"
281,2767,9692,"Child"
7078,2780,3450,"Child"
278,2783,22486,"Child"
2985,2824,33112,"Child"
2551,2831,9867,"Child"
3996,2831,28419,"Child"
9352,2839,24736,"Child"
990,2845,24714,"Child"
3010,2875,961,"Child"
574,2901,10218,"Child"
8561,2904,9546,"Child"
722,2912,11579,"Child"
5665,2913,31338,"Child"
4682,2919,10057,"Child"
937,2945,23135,"Child"
5228,2978,32282,"Child"
1751,2989,11336,"Child"
2414,3007,5817,"Child"
2035,3011,19270,"Child"
5814,3053,9968,"Child"
5033,3085,11538,"Child"
4031,3148,31828,"Child"
1337,3152,10356,"Child"
498,3164,21700,"Child"
7293,3177,15288,"Child"
8700,3194,16886,"Child"
6564,3204,24778,"Child"
2643,3214,31340,"Child"
7307,3224,10229,"Child"
655,3269,16081,"Child"
6453,3287,13922,"Child"
2647,3289,20501,"Child"
2847,3309,6668,"Child"
1425,3315,20712,"Child"
5074,3343,18591,"Child"
9572,3359,4583,"Child"
1673,3370,6955,"Child"
3165,3393,2937,"Child"
205,3397,21444,"Child"
4630,3411,8542,"Child"
6476,3414,11195,"Child"
9179,3454,6102,"Child"
1713,3488,25111,"Child"
6145,3556,26334,"Child"
366,3591,18809,"Child"
9255,3652,18276,"Child"
9908,3655,32165,"Child"
1844,3656,3253,"Child"
9618,3657,30047,"Child"
2629,3675,7650,"Child"
1267,3698,1233,"Child"
5806,3704,17319,"Child"
3765,3708,19387,"Child"
4266,3719,14643,"Child"
8867,3722,15379,"Child"
6447,3729,1629,"Child"
266,3749,33137,"Child"
29,3754,27015,"Child"
439,3770,30024,"Child"
410,3772,22312,"Child"
7350,3783,5927,"Child"
7052,3784,11131,"Child"
2661,3812,28328,"Child"
1137,3846,4212,"Child"
7435,3864,33247,"Child"
5909,3871,32984,"Child"
7024,3876,28394,"Child"
9038,3886,19143,"Child"
7546,3889,10089,"Child"
151,3895,5044,"Child"
382,3901,32805,"Child"
5252,3902,30611,"Child"
2613,3910,19452,"Child"
5419,3918,18581,"Child"
6990,3933,24104,"Child"
4991,3949,11129,"Child"
8210,3968,25305,"Child"
7427,4007,13748,"Child"
6074,4012,586,"Child"
6122,4030,29274,"Child"
4128,4032,7658,"Child"
9096,4051,22213,"Child"
4109,4080,609,"Child"
2453,4087,27329,"Child"
1631,4117,26296,"Child"
7519,4137,21833,"Child"
2656,4142,11802,"Child"
6372,4163,24449,"Child"
8313,4210,29944,"Child"
3164,4218,1460,"Child"
7640,4234,19745,"Child"
3460,4238,9829,"Child"
6012,4257,28083,"Child"
7418,4264,27763,"Child"
8723,4273,413,"Child"
5337,4296,24833,"Child"
249,4329,6401,"Child"
4472,4359,19247,"Child"
6535,4362,25283,"Child"
5332,4369,3056,"Child"
9735,4373,18196,"Child"
1598,4373,19736,"Child"
9045,4375,26019,"Child"
1843,4377,4561,"Child"
7941,4388,3589,"Child"
3900,4402,23235,"Child"
3426,4445,4147,"Child"
850,4474,23558,"Child"
1849,4530,32312,"Child"
4250,4543,1299,"Child"
3052,4555,31684,"Child"
1209,4577,12007,"Child"
1744,4583,28778,"Child"
9620,4585,26964,"Child"
1554,4624,13316,"Child"
4326,4627,7380,"Child"
6827,4633,26589,"Child"
5720,4635,11299,"Child"
2896,4656,17873,"Child"
1022,4658,28974,"Child"
3026,4707,12753,"Child"
9756,4722,791,"Child"
7012,4728,26414,"Child"
9166,4731,10582,"Child"
6647,4741,11969,"Child"
1259,4741,13034,"Child"
4979,4753,9023,"Child"
6940,4763,25515,"Child"
6163,4766,7120,"Child"
3226,4786,3327,"Child"
5186,4800,23198,"Child"
9907,4813,21582,"Child"
7248,4814,13447,"Child"
4154,4824,13098,"Child"
7345,4868,7648,"Child"
8505,4910,12337,"Child"
7782,4930,1136,"Child"
4791,4930,18347,"Child"
9779,4931,16357,"Child"
5868,4950,6984,"Child"
7088,4951,7815,"Child"
4082,4952,3904,"Child"
1333,4957,20225,"Child"
2261,4967,13085,"Child"
7047,5001,13713,"Child"
3594,5003,26246,"Child"
3783,5009,6747,"Child"
7042,5033,943,"Child"
8786,5040,29098,"Child"
3559,5046,16944,"Child"
8817,5083,25360,"Child"
6258,5086,20588,"Child"
8222,5097,22535,"Child"
7265,5100,17465,"Child"
9370,5118,21811,"Child"
4664,5129,27008,"Child"
7099,5134,12532,"Child"
6640,5136,8291,"Child"
5423,5167,9658,"Child"
4964,5167,30488,"Child"
7757,5170,569,"Child"
4213,5180,25556,"Child"
9651,5185,11119,"Child"
5727,5185,28415,"Child"
2004,5201,10480,"Child"
2552,5230,4887,"Child"
6939,5242,14587,"Child"
7842,5248,14511,"Child"
5348,5251,4333,"Child"
9861,5256,31128,"Child"
2979,5265,10132,"Child"
5254,5287,8614,"Child"
8769,5307,27248,"Child"
1676,5311,26435,"Child"
6822,5312,22228,"Child"
6040,5337,31217,"Child"
4205,5344,13567,"Child"
1711,5349,29928,"Child"
9577,5350,25693,"Child"
268,5372,10377,"Child"
8243,5375,1760,"Child"
8223,5385,30950,"Child"
55,5386,46,"Child"
2561,5393,19754,"Child"
9895,5396,12501,"Child"
5797,5406,8634,"Child"
5802,5418,21755,"Child"
46,5426,20689,"Child"
6598,5438,16078,"Child"
818,5479,11026,"Child"
505,5490,10356,"Child"
6036,5506,18099,"Child"
7106,5550,2317,"Child"
2143,5552,31731,"Child"
7910,5556,17077,"Child"
6928,5577,1960,"Child"
4607,5589,5523,"Child"
6117,5592,28704,"Child"
4809,5606,1191,"Child"
1709,5621,17371,"Child"
86,5650,27155,"Child"
5194,5694,14171,"Child"
9521,5695,21312,"Child"
7201,5738,27547,"Child"
1029,5739,15109,"Child"
5747,5756,9141,"Child"
227,5776,17367,"Child"
9485,5823,23835,"Child"
9,5859,17345,"Child"
2230,5871,2464,"Child"
676,5884,4559,"Child"
9614,5958,19743,"Child"
7595,5961,5286,"Child"
8623,5962,1755,"Child"
7528,5964,20132,"Child"
2553,5982,7580,"Child"
1654,6028,1271,"Child"
2101,6044,14951,"Child"
5311,6047,27407,"Child"
1240,6050,3474,"Child"
8709,6060,17219,"Child"
8621,6084,21018,"Child"
4117,6127,5171,"Child"
7897,6132,29646,"Child"
3007,6139,16825,"Child"
488,6148,3259,"Child"
9273,6154,23871,"Child"
1664,6155,22136,"Child"
3970,6157,28622,"Child"
6694,6162,11376,"Child"
7853,6165,154,"Child"
7759,6167,3628,"Child"
580,6167,21538,"Child"
519,6185,30506,"Child"
2460,6200,32247,"Child"
6287,6205,7519,"Child"
8230,6206,12084,"Child"
4572,6226,27754,"Child"
1382,6232,13234,"Child"
3793,6240,4052,"Child"
8402,6263,19825,"Child"
7020,6290,14494,"Child"
1684,6298,372,"Child"
9481,6331,17147,"Child"
7207,6340,14218,"Child"
2952,6367,17880,"Child"
8051,6393,26842,"Child"
1418,6404,24488,"Child"
213,6404,33080,"Child"
9033,6406,1736,"Child"
8654,6419,12075,"Child"
1225,6450,139,"Child"
1295,6464,23776,"Child"
1659,6500,9283,"Child"
8073,6501,32607,"Child"
121,6504,26810,"Child"
9457,6509,12348,"Child"
4575,6526,15523,"Child"
3132,6535,6205,"Child"
4451,6537,15964,"Child"
264,6537,20200,"Child"
2435,6571,30106,"Child"
2573,6587,16820,"Child"
988,6591,10562,"Child"
931,6591,31503,"Child"
7954,6624,1944,"Child"
2803,6625,15022,"Child"
8608,6636,9016,"Child"
9148,6645,29794,"Child"
2935,6665,32430,"Child"
6304,6682,8053,"Child"
1872,6693,17616,"Child"
2652,6694,25061,"Child"
7948,6696,29000,"Child"
728,6707,9429,"Child"
164,6708,29897,"Child"
7791,6712,10096,"Child"
1149,6750,18369,"Child"
8282,6757,9193,"Child"
2398,6757,19691,"Child"
4696,6769,13946,"Child"
4944,6791,30338,"Child"
4098,6792,15365,"Child"
6968,6814,2912,"Child"
1663,6822,21617,"Child"
9958,6833,31537,"Child"
9560,6835,32590,"Child"
2269,6846,16305,"Child"
4478,6853,4918,"Child"
2190,6856,26213,"Child"
6889,6882,22497,"Child"
2708,6886,18857,"Child"
1850,6901,1652,"Child"
1338,6918,26870,"Child"
7430,6921,11299,"Child"
8029,6924,12044,"Child"
7634,6926,4760,"Child"
5151,6938,25450,"Child"
8199,6944,17727,"Child"
626,6947,20855,"Child"
2566,6959,24146,"Child"
901,6965,24717,"Child"
6743,6968,5626,"Child"
8124,6969,30580,"Child"
2085,6973,19161,"Child"
3130,6975,23518,"Child"
3957,6979,30962,"Child"
9622,6982,25959,"Child"
5516,7026,14355,"Child"
6284,7040,684,"Child"
1637,7046,2122,"Child"
1572,7054,9441,"Child"
1496,7078,25589,"Child"
3664,7109,29734,"Child"
2765,7148,9377,"Child"
3078,7149,20167,"Child"
2463,7153,22224,"Child"
9004,7174,12350,"Child"
7228,7208,10229,"Child"
8053,7208,25041,"Child"
9384,7224,19453,"Child"
1385,7225,19677,"Child"
1214,7228,22398,"Child"
7100,7234,7588,"Child"
7550,7266,13579,"Child"
8827,7266,25401,"Child"
774,7281,18442,"Child"
8368,7292,28685,"Child"
659,7294,5079,"Child"
5466,7350,21874,"Child"
5190,7356,31746,"Child"
2796,7360,12991,"Child"
124,7366,1982,"Child"
7337,7381,27708,"Child"
8986,7388,17071,"Child"
6860,7423,4274,"Child"
2605,7440,28424,"Child"
6641,7443,1178,"Child"
9916,7463,30412,"Child"
2307,7473,23041,"Child"
4009,7478,32357,"Child"
6046,7479,14494,"Child"
9935,7487,21102,"Child"
4254,7494,20233,"Child"
5615,7495,30800,"Child"
315,7518,3957,"Child"
6600,7526,19188,"Child"
6781,7532,26167,"Child"
8299,7538,4560,"Child"
5395,7574,29230,"Child"
8712,7575,23196,"Child"
5546,7577,12962,"Child"
6892,7584,12720,"Child"
7925,7613,33215,"Child"
5525,7619,33081,"Child"
1851,7627,22177,"Child"
2684,7656,20796,"Child"
4543,7675,6543,"Child"
5598,7698,24603,"Child"
8266,7701,18612,"Child"
5111,7708,29897,"Child"
4818,7710,29750,"Child"
7274,7718,23134,"Child"
8582,7722,1013,"Child"
8120,7724,22456,"Child"
2162,7733,3772,"Child"
4240,7742,5440,"Child"
761,7780,28495,"Child"
7669,7806,32975,"Child"
6467,7819,15982,"Child"
4107,7839,573,"Child"
790,7863,26931,"Child"
5451,7898,20379,"Child"
8651,7902,24551,"Child"
3963,7903,29594,"Child"
8864,7917,10446,"Child"
4033,7967,16056,"Child"
2912,7997,27869,"Child"
8627,8004,16115,"Child"
2436,8018,16955,"Child"
8767,8037,23620,"Child"
2920,8059,25958,"Child"
4860,8075,2202,"Child"
6481,8087,2139,"Child"
1528,8092,10097,"Child"
8762,8105,29553,"Child"
2292,8108,19988,"Child"
6563,8116,5967,"Child"
4310,8119,15591,"Child"
3060,8123,23060,"Child"
9404,8145,23706,"Child"
3474,8153,30561,"Child"
821,8159,9901,"Child"
5703,8169,9097,"Child"
9129,8170,33090,"Child"
9429,8178,12076,"Child"
3868,8178,27990,"Child"
8925,8184,17125,"Child"
6475,8185,14848,"Child"
7566,8188,27571,"Child"
8731,8200,15248,"Child"
8779,8205,16602,"Child"
8495,8227,20796,"Child"
9641,8235,1407,"Child"
8792,8237,25038,"Child"
1407,8271,13838,"Child"
7225,8271,29251,"Child"
7881,8287,18619,"Child"
9948,8289,25776,"Child"
3857,8307,12243,"Child"
78,8316,24403,"Child"
4727,8339,20832,"Child"
1071,8354,4906,"Child"
2721,8363,11671,"Child"
8338,8370,29404,"Child"
7202,8377,12120,"Child"
446,8394,11864,"Child"
6995,8404,21947,"Child"
9795,8413,19837,"Child"
3366,8416,22703,"Child"
3358,8435,24903,"Child"
7120,8446,10942,"Child"
1714,8465,393,"Child"
6917,8473,25101,"Child"
2942,8478,20048,"Child"
4426,8504,26285,"Child"
5800,8530,28530,"Child"
1050,8541,18233,"Child"
616,8552,22153,"Child"
5366,8634,4034,"Child"
1729,8634,24544,"Child"
8467,8654,23171,"Child"
6087,8659,26733,"Child"
5229,8670,5268,"Child"
5064,8675,17180,"Child"
5400,8687,31966,"Child"
841,8705,12000,"Child"
5271,8734,28824,"Child"
8997,8737,11469,"Child"
7677,8746,14644,"Child"
9371,8746,16073,"Child"
3359,8761,9478,"Child"
3724,8788,9543,"Child"
7344,8790,8741,"Child"
1991,8805,26960,"Child"
6277,8820,28083,"Child"
380,8843,29488,"Child"
1253,8850,15408,"Child"
7553,8855,15137,"Child"
379,8864,15649,"Child"
2756,8873,15033,"Child"
7864,8882,8106,"Child"
7378,8901,15648,"Child"
9719,8916,32533,"Child"
5250,8947,22318,"Child"
6413,8952,3210,"Child"
1481,8954,11207,"Child"
4337,8974,19929,"Child"
4688,8975,2381,"Child"
6520,9011,8058,"Child"
2858,9014,4519,"Child"
4354,9059,10074,"Child"
6313,9074,29511,"Child"
3169,9086,5898,"Child"
7467,9097,28590,"Child"
7003,9103,2988,"Child"
2130,9137,815,"Child"
8622,9142,32625,"Child"
6744,9149,31763,"Child"
347,9152,11119,"Child"
3342,9155,24129,"Child"
8570,9165,11689,"Child"
4613,9169,8887,"Child"
2043,9173,15629,"Child"
5275,9185,27426,"Child"
4278,9208,13910,"Child"
8688,9243,32657,"Child"
1153,9258,3106,"Child"
5648,9259,27611,"Child"
3290,9293,16612,"Child"
3947,9300,14700,"Child"
5408,9313,30459,"Child"
4930,9323,12265,"Child"
8229,9333,5190,"Child"
5774,9363,21127,"Child"
7147,9386,12526,"Child"
3097,9422,28721,"Child"
9052,9433,3292,"Child"
8862,9443,18357,"Child"
2973,9450,5449,"Child"
8427,9476,13071,"Child"
7233,9495,27401,"Child"
9811,9504,31590,"Child"
3801,9510,11579,"Child"
4584,9517,32352,"Child"
4712,9523,730,"Child"
7440,9533,9391,"Child"
8890,9572,23035,"Child"
5548,9592,14745,"Child"
9661,9603,19366,"Child"
8415,9637,32774,"Child"
8275,9652,15669,"Child"
8773,9684,31741,"Child"
4586,9690,12847,"Child"
7077,9717,21203,"Child"
9239,9718,32701,"Child"
4055,9734,12153,"Child"
9886,9741,2231,"Child"
3050,9756,6832,"Child"
4000,9774,1746,"Child"
7615,9781,16812,"Child"
6470,9801,33068,"Child"
7699,9802,32276,"Child"
6664,9805,4338,"Child"
3189,9809,9166,"Child"
1555,9843,1619,"Child"
2693,9853,29937,"Child"
6052,9864,23848,"Child"
5156,9870,21186,"Child"
3255,9872,31253,"Child"
2884,9889,31563,"Child"
3254,9918,26810,"Child"
3907,9935,24702,"Child"
5485,9943,27878,"Child"
7192,9971,2860,"Child"
1399,9984,8849,"Child"
6055,9989,12672,"Child"
826,10020,29493,"Child"
2614,10027,12592,"Child"
3223,10039,25493,"Child"
9046,10053,16567,"Child"
1136,10057,2861,"Child"
188,10076,25396,"Child"
6454,10077,22291,"Child"
139,10085,15236,"Child"
963,10106,5688,"Child"
2996,10107,6000,"Child"
2349,10136,7068,"Child"
5324,10148,26491,"Child"
70,10166,22499,"Child"
9408,10180,25592,"Child"
4531,10190,23776,"Child"
8412,10201,12726,"Child"
5051,10207,15547,"Child"
8138,10213,31992,"Child"
245,10215,5811,"Child"
2179,10238,31639,"Child"
5602,10253,20964,"Child"
1193,10285,4647,"Child"
2243,10285,6694,"Child"
5928,10293,31905,"Child"
5027,10297,19017,"Child"
3826,10303,11267,"Child"
8758,10303,21130,"Child"
362,10330,31034,"Child"
5886,10332,19126,"Child"
6197,10344,24052,"Child"
5668,10348,17508,"Child"
2777,10348,20239,"Child"
8802,10368,1819,"Child"
1602,10376,16554,"Child"
1611,10386,10882,"Child"
2949,10402,7776,"Child"
5609,10404,21097,"Child"
8469,10416,21056,"Child"
4404,10424,31580,"Child"
7273,10441,22564,"Child"
1510,10458,18425,"Child"
5321,10462,12939,"Child"
6945,10465,14066,"Child"
9111,10475,32645,"Child"
7966,10480,29238,"Child"
960,10488,9203,"Child"
1724,10492,25157,"Child"
2588,10504,14910,"Child"
3877,10505,10240,"Child"
8763,10536,16446,"Child"
8013,10561,6452,"Child"
487,10578,6492,"Child"
2480,10588,10739,"Child"
1645,10598,2074,"Child"
4090,10607,14465,"Child"
6871,10609,856,"Child"
1910,10621,31237,"Child"
2125,10624,3090,"Child"
4116,10624,26663,"Child"
3100,10654,18601,"Child"
7927,10686,26849,"Child"
1568,10688,17725,"Child"
98,10696,11741,"Child"
6301,10698,33093,"Child"
7354,10699,18009,"Child"
3469,10700,15971,"Child"
3319,10700,21109,"Child"
3336,10712,32118,"Child"
6334,10729,23733,"Child"
8891,10756,8016,"Child"
7796,10779,19314,"Child"
4535,10787,27289,"Child"
5445,10793,23443,"Child"
8465,10794,30033,"Child"
135,10822,21375,"Child"
9047,10828,27658,"Child"
7846,10830,12821,"Child"
7276,10830,29519,"Child"
6356,10832,8305,"Child"
9534,10862,28767,"Child"
2396,10868,30878,"Child"
6929,10881,10317,"Child"
2042,10883,20779,"Child"
4244,10890,25589,"Child"
9662,10891,6591,"Child"
6885,10905,22336,"Child"
4389,10928,1587,"Child"
6191,10931,22088,"Child"
7330,10961,27967,"Child"
7416,10980,31590,"Child"
3042,10988,11806,"Child"
5086,11002,8896,"Child"
9145,11006,27059,"Child"
3014,11013,12171,"Child"
7652,11073,32735,"Child"
5236,11077,20600,"Child"
4814,11085,1756,"Child"
1619,11132,8863,"Child"
1282,11137,32733,"Child"
2258,11150,6075,"Child"
4183,11160,27499,"Child"
8471,11169,18064,"Child"
9737,11175,18595,"Child"
7170,11184,28774,"Child"
894,11193,3311,"Child"
3807,11195,28829,"Child"
8478,11208,4963,"Child"
6051,11231,17059,"Child"
7388,11243,5136,"Child"
954,11268,17186,"Child"
4270,11268,26815,"Child"
6072,11300,25740,"Child"
4769,11303,10429,"Child"
4186,11353,5227,"Child"
1949,11355,11142,"Child"
1019,11405,14151,"Child"
4087,11411,30939,"Child"
8504,11434,7336,"Child"
5860,11456,11987,"Child"
2439,11467,1228,"Child"
2194,11479,29583,"Child"
9232,11480,13632,"Child"
4281,11536,8234,"Child"
4126,11536,22965,"Child"
4421,11550,11222,"Child"
1665,11555,13413,"Child"
4641,11567,29930,"Child"
5576,11576,3478,"Child"
3229,11589,25926,"Child"
8578,11597,5910,"Child"
6782,11601,23107,"Child"
8686,11603,18440,"Child"
8888,11611,20867,"Child"
3572,11617,4744,"Child"
5888,11632,8549,"Child"
6059,11638,30036,"Child"
2745,11645,32713,"Child"
4949,11658,16700,"Child"
7424,11695,17012,"Child"
106,11696,32455,"Child"
5143,11711,3650,"Child"
6816,11719,16182,"Child"
6547,11726,30833,"Child"
1980,11730,15970,"Child"
6524,11732,12416,"Child"
691,11735,4412,"Child"
7466,11747,13307,"Child"
2438,11751,31347,"Child"
4961,11754,30170,"Child"
7875,11756,16939,"Child"
9133,11758,19715,"Child"
3457,11759,32773,"Child"
198,11765,31729,"Child"
5416,11789,26726,"Child"
3220,11790,32681,"Child"
4865,11796,6126,"Child"
7342,11797,18111,"Child"
2342,11807,32651,"Child"
5732,11819,32528,"Child"
313,11825,9332,"Child"
7494,11837,5260,"Child"
4441,11848,32646,"Child"
2383,11877,14825,"Child"
6196,11888,5463,"Child"
6472,11892,30104,"Child"
8914,11894,5402,"Child"
9765,11897,25570,"Child"
448,11898,11932,"Child"
7168,11899,22648,"Child"
3287,11902,6057,"Child"
4830,11910,16291,"Child"
7019,11912,28859,"Child"
6754,11917,11644,"Child"
3411,11921,9684,"Child"
5641,11926,15995,"Child"
8803,11927,7979,"Child"
3720,11930,7797,"Child"
3931,11933,9298,"Child"
1807,11934,22781,"Child"
2742,11954,3470,"Child"
6701,11960,27996,"Child"
3592,11970,20597,"Child"
7191,12006,29196,"Child"
2481,12007,33085,"Child"
1319,12013,22345,"Child"
7990,12017,32980,"Child"
4383,12045,30976,"Child"
3185,12056,28709,"Child"
1164,12067,19076,"Child"
9753,12103,11160,"Child"
6969,12108,11043,"Child"
9446,12116,4758,"Child"
8367,12123,28451,"Child"
8944,12127,26639,"Child"
1639,12137,1644,"Child"
6483,12138,4789,"Child"
3865,12146,4019,"Child"
5595,12154,26759,"Child"
1467,12164,19768,"Child"
3905,12167,23918,"Child"
5152,12168,15920,"Child"
4259,12184,19318,"Child"
5528,12191,1404,"Child"
631,12194,24058,"Child"
1741,12219,4286,"Child"
3375,12224,13240,"Child"
4956,12224,28042,"Child"
3472,12229,20810,"Child"
2778,12245,20347,"Child"
9642,12249,23402,"Child"
8443,12256,21895,"Child"
3610,12275,9486,"Child"
8919,12278,25236,"Child"
1233,12287,779,"Child"
4406,12316,18193,"Child"
9286,12320,3920,"Child"
7660,12324,2586,"Child"
7773,12325,9735,"Child"
6910,12342,12937,"Child"
6367,12360,5371,"Child"
642,12365,18405,"Child"
6305,12368,943,"Child"
7475,12378,28205,"Child"
8861,12414,29142,"Child"
1873,12421,23048,"Child"
8428,12429,9196,"Child"
2356,12435,3890,"Child"
7353,12441,17189,"Child"
97,12444,21572,"Child"
1459,12454,11512,"Child"
9542,12492,23942,"Child"
3509,12499,27005,"Child"
2965,12520,6166,"Child"
6688,12520,10892,"Child"
7322,12527,22876,"Child"
9219,12532,4876,"Child"
4504,12534,14591,"Child"
87,12534,20340,"Child"
2946,12536,18215,"Child"
6659,12542,27381,"Child"
2330,12551,16750,"Child"
1827,12556,8861,"Child"
6066,12563,13169,"Child"
3685,12584,22760,"Child"
394,12595,13912,"Child"
4251,12607,17607,"Child"
3973,12663,21989,"Child"
9316,12756,28232,"Child"
512,12775,8458,"Child"
4919,12779,942,"Child"
6137,12784,1881,"Child"
7540,12801,18560,"Child"
4980,12808,3197,"Child"
5666,12821,16387,"Child"
3075,12856,23635,"Child"
5936,12869,17782,"Child"
5766,12870,32591,"Child"
6508,12871,15928,"Child"
5831,12879,10939,"Child"
7769,12885,21492,"Child"
5502,12891,2180,"Child"
5149,12905,10661,"Child"
5563,12914,3634,"Child"
2905,12942,18549,"Child"
3070,12949,31203,"Child"
2360,12956,301,"Child"
3009,12975,24820,"Child"
8848,12978,3501,"Child"
4626,12987,28134,"Child"
6706,12992,8368,"Child"
2100,13004,14907,"Child"
2189,13102,911,"Child"
4355,13103,16873,"Child"
8260,13106,17696,"Child"
101,13109,16116,"Child"
7976,13113,19648,"Child"
7811,13114,20840,"Child"
3622,13125,10172,"Child"
4367,13132,14851,"Child"
9044,13142,10087,"Child"
6183,13144,12090,"Child"
5851,13163,23059,"Child"
6395,13225,14883,"Child"
7728,13258,553,"Child"
7206,13294,22895,"Child"
2236,13302,33193,"Child"
96,13321,8427,"Child"
1328,13330,21838,"Child"
6795,13347,21793,"Child"
364,13365,16443,"Child"
9323,13368,7114,"Child"
6671,13371,17920,"Child"
5150,13378,8663,"Child"
7673,13378,22279,"Child"
7272,13407,3858,"Child"
6820,13407,16592,"Child"
478,13414,9498,"Child"
89,13414,23766,"Child"
9746,13447,12805,"Child"
5054,13483,15105,"Child"
9209,13515,26059,"Child"
3609,13541,7276,"Child"
8481,13556,33155,"Child"
8498,13576,19959,"Child"
8972,13583,21883,"Child"
1473,13587,4500,"Child"
7580,13594,3722,"Child"
8698,13598,32929,"Child"
6670,13600,7403,"Child"
5415,13624,23876,"Child"
4311,13648,5148,"Child"
2808,13651,30243,"Child"
7415,13661,27075,"Child"
2321,13698,715,"Child"
7134,13699,27360,"Child"
74,13735,5358,"Child"
4008,13766,23017,"Child"
7542,13821,7696,"Child"
5096,13832,16809,"Child"
2077,13833,16392,"Child"
8556,13849,22680,"Child"
3953,13850,23907,"Child"
2237,13858,6904,"Child"
5059,13860,9427,"Child"
9790,13866,24192,"Child"
1640,13875,6931,"Child"
9350,13875,22579,"Child"
1677,13892,16973,"Child"
5335,13898,6398,"Child"
8278,13901,8573,"Child"
8233,13903,11467,"Child"
9781,13913,21565,"Child"
3743,13921,28048,"Child"
7562,13927,31379,"Child"
9566,13968,2863,"Child"
786,13989,12247,"Child"
562,13996,19392,"Child"
2535,14005,30757,"Child"
7710,14007,15093,"Child"
9271,14014,16498,"Child"
7094,14041,30414,"Child"
2842,14044,65,"Child"
4921,14046,9311,"Child"
4443,14063,1769,"Child"
6785,14069,21265,"Child"
854,14098,17582,"Child"
513,14116,27943,"Child"
5002,14127,5909,"Child"
3038,14134,26782,"Child"
7454,14154,18403,"Child"
7115,14175,19387,"Child"
4592,14178,30346,"Child"
1773,14194,1701,"Child"
9062,14204,4776,"Child"
7326,14221,10173,"Child"
223,14223,33075,"Child"
3643,14250,8587,"Child"
8078,14275,14620,"Child"
3772,14281,12865,"Child"
3019,14289,24490,"Child"
9526,14298,22533,"Child"
1403,14316,13689,"Child"
770,14323,32969,"Child"
4554,14334,2125,"Child"
2308,14334,23071,"Child"
4142,14356,30123,"Child"
5517,14362,19814,"Child"
6067,14379,26227,"Child"
3506,14387,5505,"Child"
5658,14397,8542,"Child"
1913,14401,32122,"Child"
5037,14421,15091,"Child"
7434,14427,30049,"Child"
6202,14457,25461,"Child"
3126,14476,27242,"Child"
870,14571,23153,"Child"
9989,14572,30063,"Child"
5702,14603,4401,"Child"
297,14614,18497,"Child"
2976,14666,17399,"Child"
2064,14668,991,"Child"
1679,14688,7998,"Child"
9378,14719,22465,"Child"
481,14726,20441,"Child"
679,14730,24887,"Child"
9939,14749,33085,"Child"
1436,14809,13172,"Child"
7683,14816,5835,"Child"
5338,14834,24259,"Child"
2581,14845,6052,"Child"
9068,14847,21446,"Child"
2723,14857,8354,"Child"
9937,14867,25083,"Child"
5796,14884,32839,"Child"
9360,14893,17084,"Child"
3820,14925,734,"Child"
8593,14943,30927,"Child"
9391,14948,16149,"Child"
8953,14972,11346,"Child"
4660,14991,33218,"Child"
2070,14992,13064,"Child"
7602,14995,26517,"Child"
7511,15007,11404,"Child"
9508,15014,2786,"Child"
8553,15014,25760,"Child"
4600,15037,2030,"Child"
6396,15045,7752,"Child"
584,15070,14300,"Child"
2512,15079,4008,"Child"
5880,15106,5934,"Child"
742,15123,19569,"Child"
6900,15124,25711,"Child"
355,15135,30689,"Child"
4182,15193,33324,"Child"
840,15196,12278,"Child"
1147,15227,30353,"Child"
6469,15228,16251,"Child"
1674,15235,5734,"Child"
1378,15236,4701,"Child"
6079,15238,16078,"Child"
3699,15254,10736,"Child"
9081,15257,24431,"Child"
189,15268,32576,"Child"
1248,15277,24465,"Child"
8387,15282,23837,"Child"
2837,15292,22979,"Child"
9806,15292,26534,"Child"
4774,15295,16280,"Child"
5816,15308,7514,"Child"
9122,15308,10901,"Child"
3495,15309,22579,"Child"
6184,15335,25494,"Child"
9725,15356,30571,"Child"
2067,15362,4601,"Child"
5461,15364,13563,"Child"
8105,15368,3453,"Child"
5041,15379,7578,"Child"
6028,15384,31921,"Child"
2129,15388,15982,"Child"
8961,15392,5035,"Child"
3316,15408,32604,"Child"
672,15423,4811,"Child"
7887,15426,23126,"Child"
3739,15440,20198,"Child"
652,15462,17130,"Child"
8835,15469,3679,"Child"
6218,15493,24875,"Child"
1660,15513,21818,"Child"
6460,15530,11063,"Child"
2534,15533,8764,"Child"
7952,15566,25557,"Child"
6575,15570,30056,"Child"
3827,15574,17051,"Child"
5177,15600,19887,"Child"
1003,15606,13118,"Child"
9303,15619,26017,"Child"
3037,15620,10349,"Child"
6685,15624,12027,"Child"
8043,15651,17599,"Child"
7686,15661,14590,"Child"
8330,15662,10223,"Child"
1031,15669,16315,"Child"
4429,15679,18311,"Child"
5187,15681,13291,"Child"
9206,15687,27588,"Child"
6023,15720,20717,"Child"
3082,15738,14210,"Child"
7058,15749,7342,"Child"
6009,15762,19483,"Child"
5470,15778,20510,"Child"
3033,15817,19368,"Child"
4618,15821,12967,"Child"
2992,15829,13681,"Child"
8389,15833,11543,"Child"
949,15863,20243,"Child"
4989,15890,32233,"Child"
4260,15897,12287,"Child"
2557,15905,9546,"Child"
8932,15938,18945,"Child"
5778,15944,32016,"Child"
2255,15951,15497,"Child"
9963,15957,19706,"Child"
5524,15976,2907,"Child"
3074,15978,20010,"Child"
9272,16006,9283,"Child"
5556,16047,26633,"Child"
3224,16065,24452,"Child"
6187,16090,1477,"Child"
4207,16096,17801,"Child"
3770,16100,21402,"Child"
3066,16114,32806,"Child"
9852,16145,29210,"Child"
8285,16148,22151,"Child"
3171,16149,17308,"Child"
6134,16155,26899,"Child"
1920,16170,19585,"Child"
1419,16188,23340,"Child"
5474,16222,1232,"Child"
4256,16250,14118,"Child"
5939,16271,3993,"Child"
4897,16307,17919,"Child"
8547,16312,11348,"Child"
5160,16320,15342,"Child"
374,16334,23892,"Child"
6652,16335,13992,"Child"
5428,16346,33332,"Child"
908,16353,8821,"Child"
4870,16360,29950,"Child"
4640,16361,9354,"Child"
2673,16372,16458,"Child"
8994,16382,9693,"Child"
8829,16390,4490,"Child"
3273,16402,31643,"Child"
2572,16423,903,"Child"
153,16424,4209,"Child"
4428,16432,13671,"Child"
3498,16454,14061,"Child"
6965,16470,23533,"Child"
7697,16474,28503,"Child"
2088,16477,10018,"Child"
1018,16478,5205,"Child"
265,16498,1645,"Child"
1551,16499,14436,"Child"
2418,16499,20968,"Child"
845,16512,32448,"Child"
9873,16526,12788,"Child"
4546,16528,9352,"Child"
4912,16528,18019,"Child"
4264,16544,19322,"Child"
8468,16575,9874,"Child"
4173,16586,8087,"Child"
4666,16586,12354,"Child"
7576,16590,16785,"Child"
7408,16606,6631,"Child"
6707,16608,9904,"Child"
6203,16610,12428,"Child"
7505,16626,18652,"Child"
4857,16646,3780,"Child"
2700,16658,26225,"Child"
8840,16665,4786,"Child"
4859,16670,7812,"Child"
3017,16676,18204,"Child"
8165,16700,18987,"Child"
1109,16705,18710,"Child"
6494,16750,9019,"Child"
7499,16759,8133,"Child"
2238,16760,28813,"Child"
9461,16806,11565,"Child"
5554,16812,28592,"Child"
3585,16814,9142,"Child"
6914,16849,3679,"Child"
5422,16854,29737,"Child"
1201,16862,8216,"Child"
149,16862,20505,"Child"
712,16871,17939,"Child"
6737,16901,12196,"Child"
776,16901,16382,"Child"
8041,16903,17337,"Child"
3858,16905,236,"Child"
8327,16911,29917,"Child"
1386,16928,21026,"Child"
509,16950,6444,"Child"
3912,16980,25252,"Child"
1247,16995,18060,"Child"
367,17005,31533,"Child"
9794,17028,20785,"Child"
560,17028,29683,"Child"
4642,17029,28983,"Child"
6340,17034,4990,"Child"
6496,17037,22186,"Child"
1702,17065,12740,"Child"
7682,17076,19519,"Child"
8708,17081,5236,"Child"
3219,17097,16529,"Child"
2879,17101,20791,"Child"
2776,17102,442,"Child"
782,17103,24240,"Child"
6380,17113,17472,"Child"
3131,17125,14403,"Child"
7255,17160,6067,"Child"
4733,17162,3523,"Child"
7974,17172,26000,"Child"
3334,17224,15879,"Child"
5258,17257,19240,"Child"
3588,17264,8746,"Child"
7856,17269,19037,"Child"
7817,17286,27555,"Child"
2801,17301,24605,"Child"
2902,17304,5381,"Child"
1060,17313,27215,"Child"
5750,17340,29721,"Child"
5003,17343,24777,"Child"
6719,17349,19739,"Child"
2448,17352,32267,"Child"
3069,17364,7938,"Child"
879,17377,7565,"Child"
4854,17395,29626,"Child"
4130,17399,15700,"Child"
3806,17410,2193,"Child"
708,17411,13824,"Child"
6620,17418,32291,"Child"
667,17440,4291,"Child"
4217,17454,29322,"Child"
1934,17465,29800,"Child"
5549,17472,32634,"Child"
7918,17490,27848,"Child"
3815,17512,23020,"Child"
7375,17531,30219,"Child"
5016,17533,1905,"Child"
911,17537,14186,"Child"
7979,17545,25301,"Child"
4892,17553,4931,"Child"
8404,17580,17297,"Child"
2173,17600,22144,"Child"
3517,17603,31856,"Child"
1373,17627,20440,"Child"
8687,17633,1528,"Child"
523,17678,29161,"Child"
3954,17682,32808,"Child"
1437,17713,17826,"Child"
4456,17722,5019,"Child"
8759,17740,3604,"Child"
2882,17743,22064,"Child"
6747,17745,16877,"Child"
4376,17749,14376,"Child"
1280,17751,15296,"Child"
8950,17759,24275,"Child"
9530,17797,17453,"Child"
6037,17811,28786,"Child"
4685,17862,15300,"Child"
3978,17863,32498,"Child"
6867,17864,12791,"Child"
7091,17877,16458,"Child"
5446,17878,18647,"Child"
7384,17897,16024,"Child"
2470,17915,7243,"Child"
9320,17938,14108,"Child"
9009,17941,11595,"Child"
3368,17959,25938,"Child"
1474,17968,25118,"Child"
9142,17979,1784,"Child"
2357,17982,4442,"Child"
1211,17997,1728,"Child"
2040,18007,6648,"Child"
3512,18011,30572,"Child"
9875,18034,15446,"Child"
4570,18041,31082,"Child"
4759,18044,33027,"Child"
5138,18047,17751,"Child"
2653,18064,24096,"Child"
5119,18069,263,"Child"
39,18091,28007,"Child"
9335,18092,22140,"Child"
6255,18094,23609,"Child"
6551,18094,32048,"Child"
3575,18095,13969,"Child"
9905,18096,2185,"Child"
4713,18097,24188,"Child"
5265,18103,4003,"Child"
3453,18128,26778,"Child"
4970,18138,15733,"Child"
5022,18142,25850,"Child"
1757,18180,3475,"Child"
474,18187,982,"Child"
1603,18195,20120,"Child"
7305,18215,32700,"Child"
8000,18278,13927,"Child"
653,18280,29255,"Child"
4143,18294,29584,"Child"
5406,18316,31932,"Child"
684,18317,30508,"Child"
1184,18320,11813,"Child"
1689,18329,2303,"Child"
2346,18329,12720,"Child"
6859,18336,14105,"Child"
7488,18344,9028,"Child"
4735,18360,394,"Child"
7031,18362,27448,"Child"
4455,18362,29315,"Child"
2286,18378,8271,"Child"
4181,18379,12754,"Child"
6429,18388,9486,"Child"
8853,18410,1812,"Child"
1107,18428,30251,"Child"
7264,18440,11644,"Child"
4718,18490,3062,"Child"
3753,18501,30410,"Child"
5088,18509,21227,"Child"
5114,18509,29017,"Child"
4343,18513,33023,"Child"
2533,18515,9026,"Child"
1446,18516,32342,"Child"
526,18532,24189,"Child"
2680,18534,16644,"Child"
4958,18545,2293,"Child"
3619,18564,6789,"Child"
5757,18564,20875,"Child"
5649,18568,2923,"Child"
9727,18578,24978,"Child"
3331,18591,6008,"Child"
6275,18591,31342,"Child"
837,18592,16680,"Child"
4492,18639,28907,"Child"
5847,18648,4427,"Child"
4348,18658,16592,"Child"
7177,18661,15619,"Child"
6800,18676,9856,"Child"
1270,18693,25112,"Child"
2136,18702,12687,"Child"
6581,18713,11327,"Child"
7962,18750,8563,"Child"
8058,18845,32145,"Child"
7836,18854,24965,"Child"
571,18858,842,"Child"
2284,18943,25483,"Child"
7502,18961,22518,"Child"
4813,18963,24289,"Child"
1604,18968,31189,"Child"
3206,18971,23316,"Child"
7238,18977,26404,"Child"
7040,18998,15165,"Child"
2037,19002,6158,"Child"
8240,19012,18582,"Child"
1353,19024,16542,"Child"
666,19025,3111,"Child"
6607,19025,21130,"Child"
5691,19068,21524,"Child"
8856,19110,15334,"Child"
7839,19116,2159,"Child"
2558,19153,28553,"Child"
5283,19160,7010,"Child"
1573,19177,23756,"Child"
2961,19183,13228,"Child"
9197,19208,27496,"Child"
7070,19222,24942,"Child"
4199,19232,17354,"Child"
3166,19259,16539,"Child"
8581,19260,16223,"Child"
7252,19282,8850,"Child"
4411,19288,4635,"Child"
4835,19313,18669,"Child"
1841,19355,31579,"Child"
5299,19366,19067,"Child"
8791,19394,21844,"Child"
5594,19407,22275,"Child"
682,19413,25503,"Child"
8883,19425,15709,"Child"
9268,19437,8148,"Child"
7355,19448,11509,"Child"
6545,19469,4246,"Child"
4783,19480,3357,"Child"
429,19487,32919,"Child"
3962,19494,9771,"Child"
8865,19512,16641,"Child"
5740,19515,27334,"Child"
2959,19517,6860,"Child"
8681,19517,24390,"Child"
294,19525,21877,"Child"
3682,19535,15462,"Child"
1836,19547,19947,"Child"
103,19556,10745,"Child"
6891,19567,795,"Child"
6056,19574,31566,"Child"
5604,19591,13460,"Child"
1992,19623,17507,"Child"
2702,19626,32983,"Child"
2845,19628,20408,"Child"
4662,19674,4511,"Child"
5916,19688,27757,"Child"
2200,19700,13146,"Child"
867,19735,7937,"Child"
8573,19736,31541,"Child"
5515,19741,17379,"Child"
2193,19777,8228,"Child"
201,19778,9328,"Child"
2792,19788,18526,"Child"
6158,19791,3521,"Child"
7590,19794,21738,"Child"
8989,19826,1969,"Child"
4227,19840,26967,"Child"
5323,19847,15941,"Child"
419,19848,18169,"Child"
3848,19853,3806,"Child"
7373,19857,951,"Child"
1793,19873,1115,"Child"
3842,19879,5061,"Child"
2220,19891,18412,"Child"
2406,19918,28698,"Child"
6579,19922,19978,"Child"
8793,19934,30638,"Child"
1423,19960,17405,"Child"
5292,19963,2442,"Child"
9822,19970,7552,"Child"
1854,19970,22886,"Child"
6132,19979,28458,"Child"
9744,19980,12412,"Child"
7713,20007,2591,"Child"
2297,20019,25285,"Child"
9829,20020,139,"Child"
9517,20030,22703,"Child"
8403,20049,4481,"Child"
4673,20051,16197,"Child"
8524,20059,18811,"Child"
7787,20062,9721,"Child"
6832,20064,23292,"Child"
7630,20078,7108,"Child"
9116,20078,17502,"Child"
9376,20083,25404,"Child"
9520,20086,20660,"Child"
9030,20108,5792,"Child"
4908,20164,4449,"Child"
6047,20166,1580,"Child"
2426,20173,26534,"Child"
9195,20178,25905,"Child"
6531,20184,20000,"Child"
1213,20189,26351,"Child"
5558,20200,2766,"Child"
9584,20201,24346,"Child"
9820,20214,31116,"Child"
6351,20224,609,"Child"
5520,20235,6221,"Child"
7871,20238,24951,"Child"
2248,20249,16357,"Child"
6930,20254,16347,"Child"
7567,20257,18651,"Child"
4482,20283,389,"Child"
3300,20337,24170,"Child"
6692,20342,27821,"Child"
2050,20345,24667,"Child"
8645,20367,14356,"Child"
8701,20396,28713,"Child"
8436,20415,25562,"Child"
4391,20419,3588,"Child"
26,20419,24631,"Child"
630,20436,3954,"Child"
417,20458,26094,"Child"
5574,20459,26726,"Child"
5848,20469,8884,"Child"
5557,20504,12270,"Child"
9797,20532,30292,"Child"
6292,20553,14021,"Child"
9836,20574,23676,"Child"
477,20620,29933,"Child"
4120,20632,12925,"Child"
2363,20640,18837,"Child"
2382,20669,18668,"Child"
7932,20672,24563,"Child"
7045,20705,30627,"Child"
5976,20723,5153,"Child"
2918,20738,20110,"Child"
7593,20740,23923,"Child"
1488,20782,16470,"Child"
838,20785,21278,"Child"
6486,20797,12692,"Child"
9605,20797,24957,"Child"
7916,20819,20954,"Child"
7866,20826,29876,"Child"
6610,20838,21094,"Child"
391,20856,26007,"Child"
5565,20863,4379,"Child"
8455,20876,5309,"Child"
8766,20885,4821,"Child"
9514,20890,9300,"Child"
2810,20911,4069,"Child"
2688,20942,8605,"Child"
385,20942,21609,"Child"
2395,20961,32242,"Child"
9315,20979,11521,"Child"
8828,20982,20954,"Child"
2524,20999,7909,"Child"
7943,21037,32427,"Child"
5749,21038,27853,"Child"
1479,21041,20508,"Child"
9849,21042,12005,"Child"
2478,21044,24300,"Child"
2405,21061,13093,"Child"
920,21085,2990,"Child"
9259,21085,8147,"Child"
4845,21088,8542,"Child"
6677,21098,12260,"Child"
8335,21114,32055,"Child"
9313,21127,31465,"Child"
3749,21140,2896,"Child"
9657,21143,30478,"Child"
398,21167,13301,"Child"
6288,21233,18473,"Child"
1685,21237,29021,"Child"
7349,21248,17488,"Child"
8967,21253,9143,"Child"
271,21259,13825,"Child"
4708,21265,20740,"Child"
7599,21277,16814,"Child"
8979,21283,27937,"Child"
6603,21287,26821,"Child"
4119,21288,25988,"Child"
5586,21339,11911,"Child"
5523,21343,8425,"Child"
3271,21347,852,"Child"
7882,21381,7682,"Child"
3776,21391,15074,"Child"
3048,21464,15932,"Child"
9459,21470,25835,"Child"
6609,21481,21486,"Child"
7973,21494,13859,"Child"
2223,21499,19070,"Child"
4017,21520,15941,"Child"
2294,21521,23030,"Child"
276,21522,1602,"Child"
273,21530,1114,"Child"
4392,21545,32751,"Child"
3235,21557,7704,"Child"
8576,21597,24225,"Child"
2065,21606,11879,"Child"
1141,21613,9729,"Child"
8947,21627,1545,"Child"
8065,21628,7512,"Child"
7538,21654,12923,"Child"
9546,21690,29213,"Child"
8072,21699,11801,"Child"
3230,21712,6564,"Child"
2890,21726,15037,"Child"
3873,21739,30217,"Child"
5488,21780,27605,"Child"
7122,21783,13173,"Child"
5209,21783,22540,"Child"
3245,21785,31326,"Child"
8034,21796,25300,"Child"
5681,21812,12419,"Child"
1912,21830,15189,"Child"
4121,21839,15816,"Child"
4296,21881,26694,"Child"
9237,21898,26205,"Child"
6964,21907,28038,"Child"
8,21914,14452,"Child"
871,21918,21875,"Child"
2583,21928,28126,"Child"
962,21933,19075,"Child"
2980,21936,15735,"Child"
5019,21972,13799,"Child"
9343,21976,7672,"Child"
5318,21983,13367,"Child"
9871,21989,27409,"Child"
9165,21990,28828,"Child"
3566,21999,23475,"Child"
8177,22015,3602,"Child"
4332,22037,15426,"Child"
9665,22055,5401,"Child"
354,22056,8955,"Child"
4559,22060,16281,"Child"
2031,22076,28107,"Child"
1224,22088,8468,"Child"
8151,22092,23404,"Child"
1067,22098,15609,"Child"
6172,22102,32078,"Child"
3056,22106,33125,"Child"
5155,22119,17839,"Child"
3293,22119,22145,"Child"
5270,22121,13340,"Child"
7704,22122,15572,"Child"
6698,22129,3324,"Child"
726,22131,10870,"Child"
2906,22133,4152,"Child"
168,22141,23264,"Child"
6415,22144,22905,"Child"
4469,22162,29332,"Child"
5591,22193,5290,"Child"
8067,22201,14116,"Child"
8512,22232,10937,"Child"
6819,22240,23488,"Child"
8532,22245,13346,"Child"
7198,22279,33240,"Child"
1476,22353,22091,"Child"
5864,22379,8295,"Child"
8462,22456,22272,"Child"
6190,22472,3273,"Child"
516,22478,13167,"Child"
6801,22488,13091,"Child"
8591,22488,25237,"Child"
6323,22490,11094,"Child"
4015,22495,16449,"Child"
409,22501,30857,"Child"
172,22516,5908,"Child"
6342,22525,25503,"Child"
3681,22556,22066,"Child"
4397,22565,16401,"Child"
8519,22573,5314,"Child"
7650,22576,24664,"Child"
9831,22579,8336,"Child"
4155,22609,3909,"Child"
8157,22627,27733,"Child"
8720,22633,27264,"Child"
5980,22636,11895,"Child"
668,22637,1133,"Child"
5820,22650,25518,"Child"
1173,22652,5535,"Child"
9710,22663,2382,"Child"
8881,22664,21328,"Child"
7277,22684,20832,"Child"
6847,22739,31215,"Child"
2445,22752,14578,"Child"
585,22786,2883,"Child"
2447,22809,11293,"Child"
9085,22824,25446,"Child"
1828,22852,22182,"Child"
2207,22880,3695,"Child"
8926,22880,6180,"Child"
530,22881,11846,"Child"
6098,22888,7116,"Child"
9284,22908,2253,"Child"
7552,22918,3142,"Child"
8799,22923,18981,"Child"
3773,22928,14793,"Child"
632,22934,8802,"Child"
5951,22935,17483,"Child"
9844,22951,2781,"Child"
6370,22964,10664,"Child"
6680,22965,29450,"Child"
6276,22972,23179,"Child"
9819,22973,17761,"Child"
5768,22980,10272,"Child"
3031,23003,573,"Child"
7500,23009,2317,"Child"
992,23023,4315,"Child"
4395,23025,4188,"Child"
2277,23030,24843,"Child"
2425,23035,5193,"Child"
2940,23052,20734,"Child"
2055,23071,22261,"Child"
2802,23071,32407,"Child"
1856,23084,27714,"Child"
2380,23097,32400,"Child"
3311,23108,19049,"Child"
3177,23123,24884,"Child"
4899,23128,19077,"Child"
812,23147,11064,"Child"
3499,23149,8218,"Child"
9086,23150,29766,"Child"
9451,23173,15603,"Child"
2672,23189,10265,"Child"
7043,23206,6429,"Child"
7194,23247,6273,"Child"
2692,23281,16344,"Child"
3988,23319,16955,"Child"
4085,23364,2945,"Child"
661,23376,29383,"Child"
5263,23385,27233,"Child"
3205,23399,19132,"Child"
6882,23413,30790,"Child"
5123,23433,9112,"Child"
1727,23434,20632,"Child"
598,23434,27561,"Child"
5393,23439,3528,"Child"
2131,23445,6517,"Child"
1946,23446,31680,"Child"
5201,23447,9266,"Child"
9736,23467,20279,"Child"
9747,23474,19954,"Child"
7150,23485,18432,"Child"
3138,23492,23068,"Child"
2887,23493,17148,"Child"
7021,23509,17658,"Child"
9185,23513,5608,"Child"
3041,23526,6297,"Child"
4084,23530,16985,"Child"
7222,23543,13204,"Child"
8823,23551,12934,"Child"
2936,23555,11148,"Child"
179,23557,19721,"Child"
4275,23563,15771,"Child"
7167,23605,25214,"Child"
1695,23613,18926,"Child"
563,23621,879,"Child"
4253,23627,20121,"Child"
6779,23641,26491,"Child"
2826,23670,1163,"Child"
4229,23670,17700,"Child"
6866,23680,14292,"Child"
1824,23721,26881,"Child"
4327,23737,11039,"Child"
9705,23749,6506,"Child"
450,23757,9664,"Child"
5126,23769,2322,"Child"
6272,23769,21662,"Child"
3234,23782,8723,"Child"
3935,23803,2419,"Child"
8538,23806,12381,"Child"
572,23830,15524,"Child"
9492,23853,17757,"Child"
8832,23863,11754,"Child"
5856,23869,19727,"Child"
3139,23878,22393,"Child"
3630,23882,28695,"Child"
9943,23888,8871,"Child"
4687,23898,28956,"Child"
1138,23901,3456,"Child"
1457,23911,23828,"Child"
1098,23949,24335,"Child"
8091,23968,16352,"Child"
217,23968,17428,"Child"
5810,23969,11760,"Child"
1499,23972,571,"Child"
7390,23986,13683,"Child"
6674,23992,10210,"Child"
9415,23994,5812,"Child"
7940,24001,3352,"Child"
3778,24001,17970,"Child"
1977,24049,1900,"Child"
7647,24052,3799,"Child"
5536,24055,26841,"Child"
1471,24083,25750,"Child"
741,24089,7533,"Child"
6121,24093,30787,"Child"
7635,24109,1488,"Child"
2934,24149,24182,"Child"
5621,24170,18090,"Child"
7284,24174,12182,"Child"
6081,24185,14670,"Child"
9586,24188,32603,"Child"
6336,24220,7744,"Child"
6672,24238,25014,"Child"
3417,24249,8356,"Child"
5004,24282,9460,"Child"
167,24286,19893,"Child"
6330,24287,26895,"Child"
864,24303,17242,"Child"
2052,24331,10791,"Child"
7461,24332,13013,"Child"
7414,24353,1145,"Child"
966,24362,7687,"Child"
8397,24451,9876,"Child"
8381,24452,23227,"Child"
8090,24454,6562,"Child"
24,24467,24945,"Child"
5588,24501,15529,"Child"
5471,24513,13150,"Child"
5070,24551,11094,"Child"
5360,24564,14468,"Child"
8672,24568,9283,"Child"
8506,24581,4807,"Child"
7359,24602,24813,"Child"
4620,24638,11341,"Child"
3899,24644,17864,"Child"
4906,24664,334,"Child"
1426,24686,13023,"Child"
6872,24702,32875,"Child"
3569,24705,12241,"Child"
7564,24745,11287,"Child"
6298,24745,17366,"Child"
4654,24752,16250,"Child"
3979,24756,26744,"Child"
4610,24773,26729,"Child"
4757,24786,19674,"Child"
1316,24789,6868,"Child"
3371,24799,8815,"Child"
2871,24825,15005,"Child"
2972,24843,15727,"Child"
5026,24846,3359,"Child"
5137,24874,16402,"Child"
5911,24876,2634,"Child"
9152,24879,30566,"Child"
905,24907,19744,"Child"
6319,24907,25552,"Child"
2646,24909,4942,"Child"
6528,24909,19246,"Child"
5647,24927,19709,"Child"
1989,24930,16040,"Child"
9639,24943,974,"Child"
9039,24973,4765,"Child"
3213,24973,8996,"Child"
9141,24975,30163,"Child"
1010,24985,23198,"Child"
7143,24988,16459,"Child"
4072,24996,18035,"Child"
1278,24996,22212,"Child"
1879,25011,11180,"Child"
3510,25024,30595,"Child"
8204,25033,27059,"Child"
6283,25044,9022,"Child"
6982,25075,12973,"Child"
5958,25078,12991,"Child"
3201,25092,14360,"Child"
1825,25124,3805,"Child"
1765,25137,4244,"Child"
7827,25150,3118,"Child"
3811,25153,16737,"Child"
7327,25166,32154,"Child"
3983,25170,8138,"Child"
6101,25173,21518,"Child"
1860,25182,2368,"Child"
4782,25195,2397,"Child"
246,25223,1596,"Child"
9874,25259,7838,"Child"
8019,25274,33317,"Child"
6393,25278,13509,"Child"
4495,25286,14554,"Child"
7181,25328,6445,"Child"
6107,25334,9950,"Child"
4373,25335,24537,"Child"
5437,25340,19900,"Child"
7063,25354,3325,"Child"
5694,25373,17508,"Child"
9699,25410,23531,"Child"
4962,25411,18477,"Child"
1495,25418,5241,"Child"
2459,25432,16643,"Child"
8197,25432,29327,"Child"
6601,25433,19098,"Child"
8319,25434,19104,"Child"
5262,25442,1292,"Child"
5217,25445,15824,"Child"
9359,25446,6716,"Child"
8206,25449,9870,"Child"
1028,25462,4864,"Child"
5981,25465,4361,"Child"
1452,25493,5225,"Child"
3322,25497,658,"Child"
1230,25508,33005,"Child"
1813,25510,5771,"Child"
3744,25525,11021,"Child"
9076,25544,18628,"Child"
7701,25546,19685,"Child"
5772,25547,16623,"Child"
6981,25555,6820,"Child"
4001,25556,28020,"Child"
6759,25562,716,"Child"
204,25581,4828,"Child"
1553,25587,23731,"Child"
7537,25590,6628,"Child"
1650,25629,27559,"Child"
7559,25654,28417,"Child"
7212,25655,17246,"Child"
2759,25679,5144,"Child"
2026,25693,6683,"Child"
6856,25720,11893,"Child"
636,25722,6510,"Child"
7609,25760,10719,"Child"
5212,25772,3796,"Child"
7661,25776,25187,"Child"
9398,25785,8541,"Child"
3531,25793,5286,"Child"
6215,25830,15750,"Child"
9931,25834,26404,"Child"
208,25856,12136,"Child"
5398,25865,33126,"Child"
7781,25881,29139,"Child"
7815,25940,9062,"Child"
255,25956,21248,"Child"
561,25959,9535,"Child"
5706,25980,14161,"Child"
4871,25997,27498,"Child"
7585,26003,6329,"Child"
2350,26006,22942,"Child"
8215,26010,31647,"Child"
8577,26033,32289,"Child"
8359,26035,17527,"Child"
8638,26040,23851,"Child"
1743,26053,3853,"Child"
6578,26054,20032,"Child"
831,26072,2317,"Child"
1979,26101,755,"Child"
6973,26105,32679,"Child"
6112,26112,4190,"Child"
9966,26129,22045,"Child"
7358,26139,32342,"Child"
10000,26173,26844,"Child"
7456,26182,16383,"Child"
3582,26191,25255,"Child"
6109,26198,32976,"Child"
1381,26205,17085,"Child"
8725,26212,24429,"Child"
1327,26235,26183,"Child"
8129,26267,6777,"Child"
5890,26287,18479,"Child"
9539,26305,22250,"Child"
6861,26310,23697,"Child"
4414,26323,4436,"Child"
1613,26327,7183,"Child"
3647,26328,19965,"Child"
1167,26348,4444,"Child"
4882,26361,8832,"Child"
1265,26363,7488,"Child"
6709,26388,30836,"Child"
9845,26391,32991,"Child"
651,26393,22920,"Child"
7700,26398,21351,"Child"
5566,26412,5782,"Child"
1962,26437,1289,"Child"
108,26438,26959,"Child"
5256,26461,739,"Child"
3304,26479,16462,"Child"
7681,26485,3064,"Child"
1968,26485,23995,"Child"
4164,26488,27095,"Child"
5238,26503,11431,"Child"
5607,26544,31660,"Child"
3950,26556,20675,"Child"
5005,26577,13693,"Child"
1341,26584,14841,"Child"
1169,26590,32688,"Child"
7323,26592,31482,"Child"
6830,26617,24064,"Child"
9304,26631,19802,"Child"
4552,26639,21431,"Child"
1662,26644,30423,"Child"
2635,26655,25880,"Child"
8074,26658,16077,"Child"
8249,26680,16302,"Child"
2457,26690,28814,"Child"
5383,26694,2956,"Child"
1587,26697,4086,"Child"
6318,26717,21455,"Child"
9325,26740,4355,"Child"
215,26754,15587,"Child"
2046,26760,19528,"Child"
178,26766,5838,"Child"
2142,26771,17374,"Child"
4041,26801,27065,"Child"
2178,26859,15674,"Child"
3296,26868,11103,"Child"
3429,26890,2001,"Child"
4995,26946,14711,"Child"
8297,27006,7709,"Child"
1034,27021,22779,"Child"
4645,27040,27324,"Child"
247,27098,298,"Child"
7874,27134,20614,"Child"
4477,27149,17312,"Child"
4913,27180,19588,"Child"
981,27183,1589,"Child"
3606,27185,25898,"Child"
4513,27188,3789,"Child"
8778,27194,26441,"Child"
3276,27208,33182,"Child"
3113,27212,10855,"Child"
2783,27223,14289,"Child"
2867,27228,15004,"Child"
1859,27228,19175,"Child"
5317,27235,25396,"Child"
9120,27260,10357,"Child"
9294,27282,366,"Child"
3711,27288,33120,"Child"
3680,27305,29410,"Child"
7987,27319,27804,"Child"
1497,27330,10231,"Child"
6966,27356,23818,"Child"
1411,27366,25632,"Child"
5660,27385,295,"Child"
9813,27392,17685,"Child"
4945,27398,14011,"Child"
8640,27425,20307,"Child"
4848,27435,9377,"Child"
6174,27450,19100,"Child"
6489,27469,28413,"Child"
4632,27472,33277,"Child"
9118,27474,22785,"Child"
6775,27475,12102,"Child"
9112,27498,2516,"Child"
2830,27542,32914,"Child"
3562,27544,17468,"Child"
8251,27553,15324,"Child"
4579,27612,27784,"Child"
4211,27641,10619,"Child"
926,27647,294,"Child"
6241,27648,20132,"Child"
5056,27663,30673,"Child"
3107,27683,12771,"Child"
3794,27692,10790,"Child"
6552,27715,30470,"Child"
9113,27719,17449,"Child"
4699,27723,31352,"Child"
5931,27729,19002,"Child"
8010,27737,1732,"Child"
7760,27747,25971,"Child"
9879,27778,28615,"Child"
5789,27780,27874,"Child"
5535,27799,13480,"Child"
5518,27818,11857,"Child"
3108,27828,27357,"Child"
6166,27835,26421,"Child"
2057,27857,8415,"Child"
392,27860,9603,"Child"
1231,27909,18893,"Child"
5410,27919,20434,"Child"
7095,27956,17456,"Child"
3279,27968,31202,"Child"
6332,27981,25759,"Child"
6796,28026,28646,"Child"
8295,28033,9381,"Child"
6557,28091,823,"Child"
438,28094,25240,"Child"
11,28110,3097,"Child"
6045,28136,4751,"Child"
3032,28183,4025,"Child"
5015,28183,8064,"Child"
4521,28186,9235,"Child"
3677,28216,19466,"Child"
2728,28219,30786,"Child"
7240,28241,22294,"Child"
3894,28246,15572,"Child"
1310,28253,29185,"Child"
8822,28259,25762,"Child"
8530,28302,5312,"Child"
7034,28335,12925,"Child"
200,28339,31234,"Child"
1336,28350,9859,"Child"
6720,28350,32927,"Child"
1286,28399,5192,"Child"
4691,28412,17021,"Child"
8303,28423,5338,"Child"
2456,28430,14989,"Child"
4499,28437,28030,"Child"
1374,28470,21903,"Child"
8880,28481,25521,"Child"
1565,28512,19022,"Child"
5613,28513,1082,"Child"
1131,28542,22046,"Child"
2861,28543,4174,"Child"
3294,28553,4376,"Child"
9510,28561,16414,"Child"
331,28589,23287,"Child"
7708,28629,5942,"Child"
4247,28638,3260,"Child"
8659,28650,17699,"Child"
6213,28653,29253,"Child"
2549,28654,28597,"Child"
6935,28674,3135,"Child"
1444,28726,28011,"Child"
8996,28728,13104,"Child"
749,28728,13724,"Child"
2806,28730,28072,"Child"
37,28738,19025,"Child"
1276,28749,26847,"Child"
5979,28749,30756,"Child"
1163,28782,32472,"Child"
3782,28839,28909,"Child"
1179,28861,28380,"Child"
906,28910,10724,"Child"
1228,28917,12977,"Child"
8262,28925,17910,"Child"
4804,28929,2668,"Child"
1768,28975,31524,"Child"
2257,28978,16566,"Child"
8446,28984,32567,"Child"
3455,28988,20465,"Child"
8713,28995,22030,"Child"
9857,28999,16487,"Child"
8291,29001,22606,"Child"
8671,29015,8875,"Child"
7806,29035,9295,"Child"
6732,29055,13999,"Child"
3250,29067,30007,"Child"
6630,29082,16268,"Child"
7064,29094,30885,"Child"
3798,29116,10183,"Child"
8116,29125,26943,"Child"
7319,29130,23703,"Child"
5961,29156,4862,"Child"
1096,29157,30193,"Child"
6399,29161,15352,"Child"
746,29175,21603,"Child"
73,29181,4652,"Child"
2461,29193,10340,"Child"
3694,29198,28174,"Child"
8922,29211,2921,"Child"
4978,29212,4882,"Child"
2620,29238,9594,"Child"
8273,29238,30477,"Child"
2430,29238,30509,"Child"
3731,29240,2653,"Child"
6553,29246,704,"Child"
7382,29294,30834,"Child"
9984,29301,27848,"Child"
9947,29302,20506,"Child"
4159,29308,19156,"Child"
9425,29317,23464,"Child"
9860,29334,13401,"Child"
4124,29336,28343,"Child"
8433,29342,16731,"Child"
9941,29350,10179,"Child"
1463,29350,30754,"Child"
9364,29364,27693,"Child"
7739,29370,25918,"Child"
7357,29389,22838,"Child"
9339,29390,23250,"Child"
4653,29404,23344,"Child"
6365,29416,23394,"Child"
4131,29434,22036,"Child"
1257,29438,19766,"Child"
7903,29441,310,"Child"
633,29467,19077,"Child"
4976,29474,5414,"Child"
7321,29495,19973,"Child"
8777,29496,2941,"Child"
5842,29505,5333,"Child"
143,29508,20001,"Child"
802,29511,5471,"Child"
3614,29518,16356,"Child"
6062,29528,28147,"Child"
3337,29534,19799,"Child"
2028,29557,10015,"Child"
2788,29585,28508,"Child"
5924,29613,4270,"Child"
9236,29613,20414,"Child"
8913,29622,18098,"Child"
9144,29626,28935,"Child"
3385,29643,8467,"Child"
1219,29658,3476,"Child"
3011,29678,5040,"Child"
4924,29694,18114,"Child"
7199,29700,27063,"Child"
2925,29717,31713,"Child"
8660,29721,20741,"Child"
2348,29737,29688,"Child"
2825,29762,2551,"Child"
859,29771,161,"Child"
4203,29775,17679,"Child"
7808,29787,17581,"Child"
4103,29816,7691,"Child"
8598,29829,30420,"Child"
4616,29835,25009,"Child"
3718,29845,14000,"Child"
4010,29850,20528,"Child"
416,29852,5122,"Child"
8140,29864,14757,"Child"
7409,29889,2567,"Child"
8150,29915,21222,"Child"
5871,29931,19234,"Child"
5347,29949,7868,"Child"
843,29980,12571,"Child"
801,29984,4064,"Child"
4222,30017,3678,"Child"
9276,30027,18552,"Child"
1597,30029,21630,"Child"
520,30067,10479,"Child"
5101,30099,2412,"Child"
3986,30109,25387,"Child"
4105,30114,25392,"Child"
3407,30115,11557,"Child"
2787,30119,32816,"Child"
5662,30125,11521,"Child"
5717,30136,26103,"Child"
1780,30152,26684,"Child"
5897,30154,16001,"Child"
3274,30159,5059,"Child"
4021,30173,30468,"Child"
3917,30177,11271,"Child"
8724,30177,21965,"Child"
1935,30186,3225,"Child"
2428,30194,9996,"Child"
6980,30206,7683,"Child"
7472,30222,2029,"Child"
4795,30232,14855,"Child"
8301,30242,31606,"Child"
486,30245,19118,"Child"
833,30288,25454,"Child"
3485,30302,6946,"Child"
1297,30321,4409,"Child"
8333,30327,10602,"Child"
2703,30328,5290,"Child"
5589,30374,2909,"Child"
2983,30385,30609,"Child"
2168,30396,17287,"Child"
3291,30399,21276,"Child"
2120,30410,16878,"Child"
2641,30410,27970,"Child"
1250,30412,25703,"Child"
5782,30446,14688,"Child"
115,30446,15997,"Child"
2933,30450,20854,"Child"
2615,30454,12059,"Child"
8375,30468,23918,"Child"
2489,30502,1556,"Child"
548,30506,31562,"Child"
3173,30509,27195,"Child"
1461,30517,24177,"Child"
6083,30535,5032,"Child"
2791,30543,23773,"Child"
9450,30557,23636,"Child"
2716,30558,1615,"Child"
6742,30558,21277,"Child"
1588,30559,18645,"Child"
4,30581,1295,"Child"
1448,30581,29293,"Child"
852,30595,2892,"Child"
2732,30603,13174,"Child"
3557,30609,31875,"Child"
1516,30611,15325,"Child"
517,30611,22088,"Child"
2988,30630,27323,"Child"
5024,30660,954,"Child"
7380,30685,29747,"Child"
332,30694,13841,"Child"
7619,30720,699,"Child"
788,30730,25824,"Child"
3538,30747,31615,"Child"
9579,30763,11377,"Child"
8473,30771,12708,"Child"
518,30772,28951,"Child"
5710,30784,6707,"Child"
982,30790,29454,"Child"
8112,30791,2782,"Child"
2531,30811,23604,"Child"
7371,30821,25637,"Child"
3959,30830,25004,"Child"
194,30841,5609,"Child"
1116,30852,27908,"Child"
5870,30861,11328,"Child"
8806,30864,17141,"Child"
9077,30869,14756,"Child"
3470,30876,20335,"Child"
2994,30914,20591,"Child"
4030,30972,29875,"Child"
9490,30979,31825,"Child"
3642,30989,17756,"Child"
4059,30992,11140,"Child"
4300,31009,1984,"Child"
9042,31015,9353,"Child"
9894,31031,2380,"Child"
1697,31032,9607,"Child"
9444,31047,954,"Child"
5277,31057,15487,"Child"
6371,31057,19312,"Child"
7171,31073,13520,"Child"
7657,31078,8686,"Child"
5850,31087,29955,"Child"
4500,31134,20763,"Child"
1523,31144,3439,"Child"
1945,31158,7329,"Child"
7000,31228,25117,"Child"
7926,31235,12116,"Child"
2618,31238,29520,"Child"
1355,31250,15488,"Child"
3247,31251,29881,"Child"
3237,31260,24333,"Child"
1445,31286,5852,"Child"
6791,31298,18310,"Child"
6078,31313,2680,"Child"
8735,31322,2442,"Child"
1700,31336,20056,"Child"
1262,31353,19299,"Child"
5879,31376,32467,"Child"
7641,31382,13154,"Child"
6702,31418,15459,"Child"
3491,31452,29105,"Child"
4226,31487,717,"Child"
8646,31498,1364,"Child"
4341,31521,4522,"Child"
9040,31568,14887,"Child"
1605,31572,5203,"Child"
2904,31586,16052,"Child"
3320,31604,25471,"Child"
2651,31608,19649,"Child"
915,31633,14619,"Child"
7324,31648,22246,"Child"
2786,31648,26595,"Child"
5329,31687,30959,"Child"
5555,31722,966,"Child"
7879,31727,24675,"Child"
305,31774,24010,"Child"
2158,31777,12262,"Child"
7254,31789,29412,"Child"
8807,31826,4968,"Child"
4136,31828,22227,"Child"
8122,31841,5002,"Child"
2326,31848,23745,"Child"
8785,31860,6207,"Child"
1349,31871,5764,"Child"
3668,31903,19806,"Child"
714,31913,20148,"Child"
9258,31913,25232,"Child"
1632,31919,22569,"Child"
9090,31934,9757,"Child"
150,31948,21950,"Child"
7835,31957,15242,"Child"
5373,31974,32409,"Child"
5837,32033,22243,"Child"
5754,32035,19490,"Child"
7624,32054,29842,"Child"
2948,32074,893,"Child"
980,32076,23317,"Child"
5628,32102,10755,"Child"
5813,32129,32022,"Child"
6006,32146,16015,"Child"
2584,32191,6154,"Child"
2009,32200,32458,"Child"
7157,32209,9808,"Child"
5730,32214,27596,"Child"
3314,32215,1757,"Child"
599,32228,21355,"Child"
3110,32233,7997,"Child"
8589,32237,21398,"Child"
1500,32240,891,"Child"
3925,32256,24405,"Child"
210,32279,2317,"Child"
375,32282,20286,"Child"
7441,32334,15375,"Child"
1987,32335,31689,"Child"
8639,32356,24333,"Child"
2944,32362,7509,"Child"
7732,32378,22782,"Child"
6382,32428,3136,"Child"
6310,32429,8070,"Child"
6905,32437,17957,"Child"
4123,32479,3242,"Child"
2485,32495,26675,"Child"
1342,32503,12548,"Child"
3481,32508,23427,"Child"
8269,32537,20504,"Child"
9409,32549,16289,"Child"
8378,32567,19294,"Child"
9332,32590,2897,"Child"
1929,32608,4291,"Child"
6733,32611,23814,"Child"
2591,32633,29681,"Child"
6416,32634,12177,"Child"
4038,32648,9941,"Child"
9063,32648,15693,"Child"
2372,32657,29156,"Child"
4617,32664,20754,"Child"
8536,32674,19869,"Child"
8559,32684,25074,"Child"
9776,32695,22670,"Child"
5956,32717,23147,"Child"
8143,32731,31616,"Child"
5,32736,28317,"Child"
8924,32745,12518,"Child"
3068,32747,11712,"Child"
123,32753,31388,"Child"
1114,32774,20580,"Child"
9108,32789,22320,"Child"
3277,32807,3976,"Child"
3854,32817,25169,"Child"
4700,32818,30630,"Child"
7729,32822,32151,"Child"
700,32827,26679,"Child"
4420,32833,9062,"Child"
5284,32838,13724,"Child"
4403,32850,12495,"Child"
4542,32854,16107,"Child"
1420,32855,29613,"Child"
1187,32871,4188,"Child"
9329,32902,6513,"Child"
4302,32907,1747,"Child"
7062,32907,24048,"Child"
5184,32910,11187,"Child"
9443,32949,20818,"Child"
8702,32955,15674,"Child"
7942,32995,21824,"Child"
9965,32997,25024,"Child"
2199,33001,7524,"Child"
4423,33013,10890,"Child"
998,33020,9006,"Child"
3703,33056,32668,"Child"
9593,33083,31982,"Child"
8878,33100,28061,"Child"
6253,33118,33136,"Child"
1429,33135,20936,"Child"
1197,33141,23025,"Child"
5326,33209,18849,"Child"
5093,33230,22997,"Child"
5790,33246,18491,"Child"
4171,33268,5649,"Child"
